Title,Summary,URLName,Question__c,Answer__c,Internal_Comments__c,Channels,datacategorygroup.FAQ
WiFi at Astro's Gym,Overview of Wifi details,wifi-at-astros-gym,data/wifi.html,data/wifi-answer.html,data/wifi-internal.html,application+csp+sites,Facilities
Personal Training Cost,Overview of standard Personal  details,personal-training-cost,data/pt.html,data/pt-answer.html,data/pt-answer.html,application+csp+sites,Billing_Membership
Membership Payment Options,Payment methods for monthly memberships,membership-payment-options,data/payment.html,data/payment-answer.html,data/payment-internal.html,application+csp+sites,Billing_Membership
Membership Hold,Hold monthly membership fees ,membership-hold,data/hold.html,data/hold-answer.html,data/hold-internal.html,application+csp+sites,Billing_Membership
Astro's Gym Community,Overview of self-service options in the Astro's Gym Community,community-overview,data/community.html,data/community-answer.html,data/community-internal.html,application+csp+sites,Billing_Membership
Membership Services,What's included in my membership?,membership-services,data/included.html,data/included-answer.html,data/included-internal.html,application+csp+sites,Billing_Membership
"What to Eat Before, During, and After Exercise.",How should I fuel my body for a new fitness program?,what-to-eat,data/fuel.html,data/fuel-answer.html,data/fuel-internal.html,application+csp+sites,Nutrition
Nutrition for Recovery,What should I do to make sure I recover properly?,how-to-recover,data/recovery.html,data/recovery-answer.html,data/recovery-internal.html,application+csp+sites,Nutrition
Tips for your first Yoga Class,What should I prepare for my first yoga class?,first-yoga-class,data/prepare.html,data/prepare-answer.html,data/prepare-internal.html,application+csp+sites,Fitness
Is HIIT good for me?,Should I start incorporating HIIT into my routine?,hiit-workout,data/hiit.html,data/hiit-answer.html,data/hiit-internal.html,application+csp+sites,Fitness
Thinking about going vegan?,Is a vegan diet good for exercise?,vegan-diet,data/vegan.html,data/vegan-answer.html,data/vegan-internal.html,application+csp+sites,Nutrition